Dataset,Position,Rank,AA,Count,Frequency
all_canonical_9mers,1,1,R,1326,0.137438
all_canonical_9mers,1,2,K,1237,0.128213
all_canonical_9mers,1,3,A,1091,0.11308
all_canonical_9mers,2,1,L,2484,0.257463
all_canonical_9mers,2,2,V,1531,0.158686
all_canonical_9mers,2,3,T,1276,0.132255
all_canonical_9mers,3,1,Y,1117,0.115775
all_canonical_9mers,3,2,A,949,0.098362
all_canonical_9mers,3,3,L,937,0.097119
all_canonical_9mers,4,1,P,858,0.08893
all_canonical_9mers,4,2,S,838,0.086857
all_canonical_9mers,4,3,E,773,0.08012
all_canonical_9mers,5,1,P,893,0.092558
all_canonical_9mers,5,2,S,736,0.076285
all_canonical_9mers,5,3,V,702,0.072761
all_canonical_9mers,6,1,L,1124,0.116501
all_canonical_9mers,6,2,V,800,0.082919
all_canonical_9mers,6,3,T,728,0.075456
all_canonical_9mers,7,1,L,1812,0.187811
all_canonical_9mers,7,2,I,758,0.078566
all_canonical_9mers,7,3,S,734,0.076078
all_canonical_9mers,8,1,L,1054,0.109245
all_canonical_9mers,8,2,S,770,0.079809
all_canonical_9mers,8,3,A,767,0.079498
all_canonical_9mers,9,1,K,4548,0.471393
all_canonical_9mers,9,2,Y,1405,0.145626
all_canonical_9mers,9,3,R,1129,0.117019
train_no_R,1,1,K,841,0.152272
train_no_R,1,2,A,731,0.132356
train_no_R,1,3,S,567,0.102662
train_no_R,2,1,L,1383,0.250407
train_no_R,2,2,V,859,0.155531
train_no_R,2,3,T,763,0.13815
train_no_R,3,1,Y,610,0.110447
train_no_R,3,2,L,572,0.103567
train_no_R,3,3,A,559,0.101213
train_no_R,4,1,P,520,0.094152
train_no_R,4,2,S,492,0.089082
train_no_R,4,3,G,462,0.08365
train_no_R,5,1,P,529,0.095781
train_no_R,5,2,V,459,0.083107
train_no_R,5,3,S,458,0.082926
train_no_R,6,1,L,671,0.121492
train_no_R,6,2,V,460,0.083288
train_no_R,6,3,S,449,0.081296
train_no_R,7,1,L,1050,0.190114
train_no_R,7,2,S,462,0.08365
train_no_R,7,3,I,454,0.082202
train_no_R,8,1,L,641,0.11606
train_no_R,8,2,S,462,0.08365
train_no_R,8,3,A,456,0.082564
train_no_R,9,1,K,3015,0.545899
train_no_R,9,2,Y,920,0.166576
train_no_R,9,3,L,382,0.069165
evaluation_with_R,1,1,R,1326,0.321455
evaluation_with_R,1,2,K,396,0.096
evaluation_with_R,1,3,A,360,0.087273
evaluation_with_R,2,1,L,1101,0.266909
evaluation_with_R,2,2,V,672,0.162909
evaluation_with_R,2,3,T,513,0.124364
evaluation_with_R,3,1,Y,507,0.122909
evaluation_with_R,3,2,R,461,0.111758
evaluation_with_R,3,3,A,390,0.094545
evaluation_with_R,4,1,R,427,0.103515
evaluation_with_R,4,2,E,350,0.084848
evaluation_with_R,4,3,S,346,0.083879
evaluation_with_R,5,1,R,559,0.135515
evaluation_with_R,5,2,P,364,0.088242
evaluation_with_R,5,3,L,312,0.075636
evaluation_with_R,6,1,L,453,0.109818
evaluation_with_R,6,2,R,445,0.107879
evaluation_with_R,6,3,V,340,0.082424
evaluation_with_R,7,1,L,762,0.184727
evaluation_with_R,7,2,R,438,0.106182
evaluation_with_R,7,3,I,304,0.073697
evaluation_with_R,8,1,R,464,0.112485
evaluation_with_R,8,2,L,413,0.100121
evaluation_with_R,8,3,A,311,0.075394
evaluation_with_R,9,1,K,1533,0.371636
evaluation_with_R,9,2,R,1129,0.273697
evaluation_with_R,9,3,Y,485,0.117576
