Metric,Value
Workbook,epitope_table_export_1779969300.xlsx
Raw epitope rows,9833
Canonical retained rows before dedupe,9648
Canonical unique 9-mers,9648
Duplicate retained rows collapsed,0
Default held-out amino acid,R
Train/CV peptides without R,5523
Evaluation peptides with R,4125
"Consensus, all canonical 9-mers",RLYPPLLLK
"Consensus, train no R",KLYPPLLLK
"Consensus, evaluation with R",RLYRRLLRK
Excluded: modified_or_uncertain_annotation,185
Noncanonical examples after annotation filter,none
